sourceLongitude,sourceLatitude,distance,destinationDeviceId,sourceDeviceId,time,destinationLatitude,destinationLongitude
113.36599183,23.19743447,26.304499076679424,‘¡BBZ769,861260030902843,2017-05-25 09:30:18,23.197416,113.366248
113.36295467,23.20907011,4.4689607243719625,‘¡BBZ769,861260030902843,2017-05-25 09:27:07,23.2091,113.362984
113.35213619,23.23683331,1.6586911009648206,‘¡BBZ769,861260030902843,2017-05-25 09:24:00,23.236834,113.35212
113.35751812,23.26070956,15.341807691814571,‘¡BBZ769,861260030902843,2017-05-25 09:21:05,23.260834,113.357584
113.35806657,23.28083053,21.287615001094213,‘¡BBZ769,861260030902843,2017-05-25 09:18:12,23.2808,113.358272
113.29264929,23.34704009,500.02542230929913,‘¡BBZ769,861260030902843,2017-05-24 23:03:38,23.342934,113.290616
113.29265295,23.34703485,499.6536234641685,‘¡BBZ769,861260030902843,2017-05-24 23:00:39,23.342934,113.290616
113.29215844,23.34560803,335.5314632829611,‘¡BBZ769,861260030902843,2017-05-24 22:54:42,23.342934,113.290616
113.29137663,23.34489348,230.528869619989,‘¡BBZ769,861260030902843,2017-05-24 22:45:14,23.342934,113.290616
113.29198842,23.34395095,179.9485432443778,‘¡BBZ769,861260030902843,2017-05-24 22:42:14,23.342934,113.290616
113.29120372,23.34255405,73.36766809251944,‘¡BBZ769,861260030902843,2017-05-24 22:39:15,23.342934,113.290616
113.29064326,23.34289512,5.129514443988116,‘¡BBZ769,861260030902843,2017-05-24 22:36:18,23.342934,113.290616
113.29062716,23.34288964,5.043630853799586,‘¡BBZ769,861260030902843,2017-05-24 22:33:45,23.342934,113.290616
113.2906252,23.34289042,4.917274095382658,‘¡BBZ769,861260030902843,2017-05-24 22:33:18,23.342934,113.290616
113.29050106,23.34267927,11.79493040112989,‘¡BBZ769,861260030902843,2017-05-24 22:30:20,23.342766,113.290568
113.29468858,23.30336244,11.577048651840052,‘¡BBZ769,861260030902843,2017-05-24 22:18:27,23.303466,113.294704
113.44599297,23.25434021,31.82224128103106,‘¡BBZ769,861260030902843,2017-05-24 22:03:02,23.254284,113.445688
113.71144601,23.37683014,39.38795624048021,‘¡BBZ769,861260030902843,2017-05-24 21:39:07,23.376784,113.711064
113.85933985,23.42321354,53.55209481993798,‘¡BBZ769,861260030902843,2017-05-24 21:27:00,23.423416,113.858864
113.9703418,23.51327594,37.49777901898,‘¡BBZ769,861260030902843,2017-05-24 21:15:01,23.5132,113.969984
114.09054366,23.61599482,33.419680281626015,‘¡BBZ769,861260030902843,2017-05-24 21:00:06,23.616234,114.090344
114.11950407,23.5969462,28.982929229275197,‘¡BBZ769,861260030902843,2017-05-24 20:57:07,23.597116,114.119288
114.15807323,23.59716718,27.823801464509025,‘¡BBZ769,861260030902843,2017-05-24 20:54:01,23.597084,114.157816
114.19298353,23.60911353,20.390824438596812,‘¡BBZ769,861260030902843,2017-05-24 20:51:02,23.608966,114.192864
114.33960235,23.52787333,40.434479986670574,‘¡BBZ769,861260030902843,2017-05-24 20:36:06,23.52815,114.339344
114.37237374,23.51393893,21.25750401596107,‘¡BBZ769,861260030902843,2017-05-24 20:33:01,23.513968,114.372168
114.40416037,23.49937377,43.85605102257142,‘¡BBZ769,861260030902843,2017-05-24 20:30:01,23.499434,114.403736
114.43377611,23.4995664,10.635414210005615,‘¡BBZ769,861260030902843,2017-05-24 20:27:08,23.499568,114.433672
115.88175035,23.47236635,12.208393042790059,‘¡BBZ769,861260030902843,2017-05-24 18:03:03,23.472434,115.881656
115.90890336,23.45742809,22.950183295015876,‘¡BBZ769,861260030902843,2017-05-24 18:00:09,23.45745,115.90868
115.94334008,23.44844129,35.72110514937723,‘¡BBZ769,861260030902843,2017-05-24 17:57:08,23.448516,115.943
116.01361347,23.44572904,58.44545777351273,‘¡BBZ769,861260030902843,2017-05-24 17:51:04,23.44545,116.013128
116.0494225,23.45434219,32.555757104372056,‘¡BBZ769,861260030902843,2017-05-24 17:48:02,23.454334,116.049104
116.08561438,23.4651084,20.46454241262912,‘¡BBZ769,861260030902843,2017-05-24 17:45:01,23.465032,116.085432
116.12081113,23.46725924,32.25847313588609,‘¡BBZ769,861260030902843,2017-05-24 17:42:05,23.467166,116.120512
116.15710369,23.46693501,53.61108138518433,‘¡BBZ769,861260030902843,2017-05-24 17:39:08,23.466868,116.156584
116.19451105,23.46232833,30.151812137663875,‘¡BBZ769,861260030902843,2017-05-24 17:36:05,23.462334,116.194216
116.21550354,23.47463098,51.10156012831318,‘¡BBZ769,861260030902843,2017-05-24 17:33:59,23.474318,116.215136
116.22691969,23.47666913,32.72786456281661,‘¡BBZ769,861260030902843,2017-05-24 17:33:00,23.47665,116.2266
116.26179441,23.47553443,34.594985665526245,‘¡BBZ769,861260030902843,2017-05-24 17:30:05,23.475466,116.261464
116.29715249,23.46472215,26.319696559224244,‘¡BBZ769,861260030902843,2017-05-24 17:27:03,23.4647,116.296896
116.33323085,23.46385144,18.418029981987356,‘¡BBZ769,861260030902843,2017-05-24 17:24:02,23.46375,116.333088
116.36720072,23.45369784,22.145024227666486,‘¡BBZ769,861260030902843,2017-05-24 17:21:05,23.4537,116.366984
116.42957044,23.46477885,50.74525621377905,‘¡BBZ769,861260030902843,2017-05-24 17:15:02,23.464532,116.429152
116.45447564,23.48888904,21.555324519174516,‘¡BBZ769,861260030902843,2017-05-24 17:12:00,23.4888,116.454288
116.4719245,23.50772117,21.061841660933077,‘¡BBZ769,861260030902843,2017-05-24 17:09:02,23.507534,116.471888
116.49240262,23.53196962,6.024894873271659,‘¡BBZ769,861260030902843,2017-05-24 17:06:02,23.531918,116.492384
116.51232852,23.544872,44.20391411550212,‘¡BBZ769,861260030902843,2017-05-24 17:04:00,23.544568,116.512048
116.52178012,23.55161866,42.333581541105126,‘¡BBZ769,861260030902843,2017-05-24 17:03:00,23.551466,116.5214
116.54148247,23.55725862,24.779687575514835,‘¡BBZ769,861260030902843,2017-05-24 17:00:05,23.557382,116.54128
116.55563953,23.5272558,17.76345256224893,‘¡BBZ769,861260030902843,2017-05-24 16:57:05,23.527416,116.555648
116.57555335,23.499465,43.24076036398969,‘¡BBZ769,861260030902843,2017-05-24 16:54:04,23.49975,116.575264
116.60143499,23.47740393,38.556903656076415,‘¡BBZ769,861260030902843,2017-05-24 16:51:04,23.47765,116.601168
116.62495191,23.45310534,24.206602539109333,‘¡BBZ769,861260030902843,2017-05-24 16:48:07,23.45315,116.62472
116.65715819,23.43868152,35.13786314272443,‘¡BBZ769,861260030902843,2017-05-24 16:45:06,23.438868,116.65688
116.68853406,23.43171342,16.40132074911456,‘¡BBZ769,861260030902843,2017-05-24 16:42:00,23.431632,116.6884
116.71848244,23.4450284,44.84945788873426,‘¡BBZ769,861260030902843,2017-05-24 16:39:06,23.4448,116.71812
116.73227922,23.46687469,21.409279264100334,‘¡BBZ769,861260030902843,2017-05-24 16:36:05,23.466682,116.732296
116.7286276,23.48918204,17.457878014106182,‘¡BBZ769,861260030902843,2017-05-24 16:33:59,23.489032,116.72868
116.72301193,23.49804044,30.184329129662917,‘¡BBZ769,861260030902843,2017-05-24 16:33:01,23.497784,116.723112
116.72343771,23.53182353,47.064387052362,‘¡BBZ769,861260030902843,2017-05-24 16:30:04,23.5314,116.7234
116.72979613,23.56402968,25.5991102744952,‘¡BBZ769,861260030902843,2017-05-24 16:27:07,23.5638,116.729768
116.72800861,23.59692783,47.09600191169355,‘¡BBZ769,861260030902843,2017-05-24 16:24:06,23.596532,116.72784
116.74462236,23.62556404,42.96666597200238,‘¡BBZ769,861260030902843,2017-05-24 16:21:12,23.625218,116.744432
116.77167341,23.64807545,43.087512835913685,‘¡BBZ769,861260030902843,2017-05-24 16:18:05,23.647832,116.771344
116.80094748,23.66375901,8.78225015045677,‘¡BBZ769,861260030902843,2017-05-24 16:15:06,23.663682,116.800968
116.82370584,23.68475431,8.321449447783678,‘¡BBZ769,861260030902843,2017-05-24 16:12:09,23.684682,116.823728
116.85371087,23.69668052,31.778589862986752,‘¡BBZ769,861260030902843,2017-05-24 16:09:07,23.6967,116.8534
116.88867856,23.69020568,16.566348116723713,‘¡BBZ769,861260030902843,2017-05-24 16:06:03,23.690134,116.888536
116.91200073,23.69227518,15.61042374763937,‘¡BBZ769,861260030902843,2017-05-24 16:03:55,23.692266,116.911848
116.92226564,23.69208371,16.639822988387337,‘¡BBZ769,861260030902843,2017-05-24 16:03:05,23.692016,116.92212
116.95695644,23.69841337,49.529108592298115,‘¡BBZ769,861260030902843,2017-05-24 16:00:06,23.6985,116.95648
116.97684938,23.70407165,23.806896876574125,‘¡BBZ769,861260030902843,2017-05-24 15:57:51,23.70415,116.976632
117.01016834,23.70285411,24.174471227732322,‘¡BBZ769,861260030902843,2017-05-24 15:54:05,23.70275,117.00996
117.04583998,23.70631045,47.97628045691504,‘¡BBZ769,861260030902843,2017-05-24 15:51:07,23.706382,117.045376
117.08332867,23.70436106,60.393449276225816,‘¡BBZ769,861260030902843,2017-05-24 15:48:01,23.704634,117.082816
117.10426828,23.70057553,19.71807902220994,‘¡BBZ769,861260030902843,2017-05-24 15:45:57,23.700616,117.10408
117.12537284,23.69827341,19.43307850609192,‘¡BBZ769,861260030902843,2017-05-24 15:42:02,23.69825,117.125184
117.16082233,23.69256164,40.03660229715617,‘¡BBZ769,861260030902843,2017-05-24 15:39:09,23.6926,117.160432
117.19915555,23.69116939,24.30778192972737,‘¡BBZ769,861260030902843,2017-05-24 15:36:05,23.691084,117.198936
117.22588405,23.69555489,43.51475779000569,‘¡BBZ769,861260030902843,2017-05-24 15:33:56,23.69535,117.22552
117.23365813,23.70223001,49.429717933607584,‘¡BBZ769,861260030902843,2017-05-24 15:33:06,23.701884,117.233352
117.25595542,23.72565855,19.03390450601936,‘¡BBZ769,861260030902843,2017-05-24 15:30:08,23.725518,117.255848
117.28248132,23.75001024,43.1053707430102,‘¡BBZ769,861260030902843,2017-05-24 15:27:04,23.74985,117.282096
117.31413386,23.7669524,39.565716568706065,‘¡BBZ769,861260030902843,2017-05-24 15:24:04,23.767268,117.313952
117.34770595,23.77947578,18.466357014785416,‘¡BBZ769,861260030902843,2017-05-24 15:21:05,23.779418,117.347536
117.36909238,23.80458367,21.87293919538076,‘¡BBZ769,861260030902843,2017-05-24 15:18:09,23.804466,117.36892
117.38722278,23.83582669,20.349721384131097,‘¡BBZ769,861260030902843,2017-05-24 15:15:01,23.83565,117.387168
117.38490888,23.86774542,29.10295752469455,‘¡BBZ769,861260030902843,2017-05-24 15:12:08,23.867484,117.38488
117.38195262,23.89948611,21.40411568862797,‘¡BBZ769,861260030902843,2017-05-24 15:09:20,23.8993,117.381896
117.39984391,23.93302263,46.3715199941779,‘¡BBZ769,861260030902843,2017-05-24 15:06:04,23.932632,117.39968
117.41756848,23.95236589,46.2832606278035,‘¡BBZ769,861260030902843,2017-05-24 15:03:52,23.952168,117.417168
117.42693643,23.95546989,48.26989771330103,‘¡BBZ769,861260030902843,2017-05-24 15:03:07,23.955432,117.426464
117.45815427,23.94082772,17.131486188531525,‘¡BBZ769,861260030902843,2017-05-24 15:00:07,23.940934,117.458032
117.49185884,23.92829678,10.883019480722716,‘¡BBZ769,861260030902843,2017-05-24 14:57:03,23.9283,117.491752
117.52946474,23.92821141,47.32249336180526,‘¡BBZ769,861260030902843,2017-05-24 14:54:05,23.9281,117.529016
117.56597695,23.93253816,24.90009443629411,‘¡BBZ769,861260030902843,2017-05-24 14:51:08,23.9324,117.565784
117.59443142,23.95404825,40.365579888452174,‘¡BBZ769,861260030902843,2017-05-24 14:48:08,23.953866,117.594088
117.62989243,23.96596715,25.956160369756542,‘¡BBZ769,861260030902843,2017-05-24 14:45:00,23.966034,117.629648
117.65973043,23.98015967,46.121548370118816,‘¡BBZ769,861260030902843,2017-05-24 14:42:07,23.979834,117.659448
117.67812378,24.01231045,26.9298524525825,‘¡BBZ769,861260030902843,2017-05-24 14:39:07,24.012132,117.677944
117.70565108,24.0380992,47.20305196215307,‘¡BBZ769,861260030902843,2017-05-24 14:36:05,24.037716,117.705448
117.71756963,24.06313473,49.868352905285136,‘¡BBZ769,861260030902843,2017-05-24 14:33:54,24.062718,117.717384
117.72198531,24.07224335,23.715977923359624,‘¡BBZ769,861260030902843,2017-05-24 14:33:04,24.072082,117.721832
117.73389448,24.10605345,40.33526873491518,‘¡BBZ769,861260030902843,2017-05-24 14:30:06,24.105734,117.733704
117.74038102,24.11778331,3.855085892514222,‘¡BBZ769,861260030902843,2017-05-24 14:24:48,24.117816,117.740368
117.74040665,24.11781467,3.931878044949623,‘¡BBZ769,861260030902843,2017-05-24 14:21:26,24.117816,117.740368
117.74040776,24.11782293,4.114193593023912,‘¡BBZ769,861260030902843,2017-05-24 14:18:27,24.117816,117.740368
117.74681057,24.12629178,17.437355640849734,‘¡BBZ769,861260030902843,2017-05-24 14:15:01,24.12615,117.746736
117.76710526,24.14047124,19.69392014286775,‘¡BBZ769,861260030902843,2017-05-24 14:12:58,24.140484,117.766912
117.80266101,24.16074926,3.937121439381036,‘¡BBZ769,861260030902843,2017-05-24 14:09:09,24.160734,117.802696
117.82966986,24.18346777,26.08918331670517,‘¡BBZ769,861260030902843,2017-05-24 14:06:04,24.183282,117.829512
117.84713042,24.20232411,62.44227298104559,‘¡BBZ769,861260030902843,2017-05-24 14:03:54,24.2018,117.846904
117.8529369,24.21074734,23.971921878671974,‘¡BBZ769,861260030902843,2017-05-24 14:03:00,24.21055,117.85284
117.83638415,24.27302673,46.37027289463207,‘¡BBZ769,861260030902843,2017-05-24 13:57:06,24.272632,117.836232
117.8514517,24.30363939,36.48524034552926,‘¡BBZ769,861260030902843,2017-05-24 13:54:02,24.303368,117.851248
117.87248772,24.34401267,21.00625869850746,‘¡BBZ769,861260030902843,2017-05-24 13:48:08,24.3442,117.87252
117.90113284,24.34399456,4.781661391879367,‘¡BBZ769,861260030902843,2017-05-24 13:45:45,24.344034,117.901152
117.95280171,24.48559558,28.62482098194624,‘¡BBZ769,861260030902843,2017-05-24 13:24:13,24.485532,117.952528
117.95943666,24.48262683,16.1176524970839,‘¡BBZ769,861260030902843,2017-05-24 13:21:10,24.48275,117.959352
117.96981451,24.47566088,15.57665121205352,‘¡BBZ769,861260030902843,2017-05-24 13:18:05,24.47555,117.96972
117.9664223,24.4642281,10.006213938659691,‘¡BBZ769,861260030902843,2017-05-24 13:15:32,24.464318,117.966432
117.96637927,24.4640689,13.281755897865303,‘¡BBZ769,861260030902843,2017-05-24 13:03:04,24.464184,117.966416
117.96637927,24.4640689,13.281755897865303,‘¡BBZ769,861260030902843,2017-05-24 13:03:04,24.464184,117.966416
117.96647511,24.46421357,6.829428569432666,‘¡BBZ769,861260030902843,2017-05-24 13:00:06,24.464184,117.966416
117.96742482,24.46612859,8.311511782447637,‘¡BBZ769,861260030902843,2017-05-24 12:57:03,24.466116,117.967344
117.96730776,24.46603362,9.836728769135917,‘¡BBZ769,861260030902843,2017-05-24 12:54:30,24.466116,117.967344
117.9689694,24.46560148,10.383683414952133,‘¡BBZ769,861260030902843,2017-05-24 12:51:30,24.465518,117.969016
117.96896191,24.46558123,8.895120420001481,‘¡BBZ769,861260030902843,2017-05-24 12:48:30,24.465518,117.969016
117.96890153,24.46552036,11.60818797781892,‘¡BBZ769,861260030902843,2017-05-24 12:45:32,24.465518,117.969016
117.96894081,24.46556238,9.07049317342283,‘¡BBZ769,861260030902843,2017-05-24 12:42:31,24.465518,117.969016
117.9687589,24.46535273,11.432928694432363,‘¡BBZ769,861260030902843,2017-05-24 12:36:31,24.465416,117.968848
117.96875986,24.46535284,11.348671955732202,‘¡BBZ769,861260030902843,2017-05-24 12:33:31,24.465416,117.968848
117.96875986,24.46535284,11.348671955732202,‘¡BBZ769,861260030902843,2017-05-24 12:33:31,24.465416,117.968848
117.96876266,24.46535072,11.275655484166512,‘¡BBZ769,861260030902843,2017-05-24 12:30:31,24.465416,117.968848
117.96876159,24.46535013,11.400817720034551,‘¡BBZ769,861260030902843,2017-05-24 12:27:30,24.465416,117.968848
117.96876507,24.46535311,10.918512306585106,‘¡BBZ769,861260030902843,2017-05-24 12:15:33,24.465416,117.968848
117.96876196,24.46535724,10.883525022079311,‘¡BBZ769,861260030902843,2017-05-24 12:09:30,24.465416,117.968848
117.96876369,24.46535231,11.082800875964045,‘¡BBZ769,861260030902843,2017-05-24 12:06:33,24.465416,117.968848
117.96876036,24.46535427,11.211505313731642,‘¡BBZ769,861260030902843,2017-05-24 12:03:31,24.465416,117.968848
117.96876044,24.46535389,11.230812672609998,‘¡BBZ769,861260030902843,2017-05-24 12:00:31,24.465416,117.968848
117.96875702,24.46535203,11.631181595325307,‘¡BBZ769,861260030902843,2017-05-24 11:57:33,24.465416,117.968848
117.96875276,24.46535489,11.791916214958828,‘¡BBZ769,861260030902843,2017-05-24 11:54:31,24.465416,117.968848
117.9687494,24.46535422,12.114199069648658,‘¡BBZ769,861260030902843,2017-05-24 11:51:30,24.465416,117.968848
117.96871113,24.46536875,14.830395962741346,‘¡BBZ769,861260030902843,2017-05-24 11:48:31,24.465416,117.968848
117.96956681,24.46517933,77.44644592328484,‘¡BBZ769,861260030902843,2017-05-24 11:45:30,24.465416,117.968848
117.96882775,24.4653902,3.518728513517633,‘¡BBZ769,861260030902843,2017-05-24 11:18:26,24.465416,117.968848
117.96873461,24.46506228,2.226760159235843,‘¡BBZ769,861260030902843,2017-05-24 11:09:03,24.46505,117.968752
117.96886344,24.46528156,28.31305113316183,‘¡BBZ769,861260030902843,2017-05-24 11:06:00,24.46515,117.968624
117.96909373,24.46580306,14.165651243750798,‘¡BBZ769,861260030902843,2017-05-24 11:03:00,24.465766,117.96896
117.96909181,24.46580282,13.971680377177478,‘¡BBZ769,861260030902843,2017-05-24 11:00:02,24.465766,117.96896
117.96910596,24.46580772,15.502514902926144,‘¡BBZ769,861260030902843,2017-05-24 10:57:00,24.465766,117.96896
117.96714534,24.46590746,23.146698762783085,‘¡BBZ769,861260030902843,2017-05-24 10:54:01,24.466116,117.96716
117.96669062,24.46416283,13.510295216917601,‘¡BBZ769,861260030902843,2017-05-24 10:51:01,24.46405,117.96664
117.96804068,24.47055171,31.745438244559374,‘¡BBZ769,861260030902843,2017-05-24 10:48:03,24.470266,117.968016
117.97163644,24.47956159,9.088953423843657,‘¡BBZ769,861260030902843,2017-05-24 10:45:42,24.479534,117.971552
117.97280067,24.47917438,4.473214060745708,‘¡BBZ769,861260030902843,2017-05-24 10:42:43,24.479134,117.9728
117.9857018,24.48455452,39.27965632811638,‘¡BBZ769,861260030902843,2017-05-24 10:39:05,24.484234,117.985536
117.9832186,24.5021054,23.728940398136746,‘¡BBZ769,861260030902843,2017-05-24 10:36:06,24.501916,117.983328
117.98081573,24.51273103,14.158012447928519,‘¡BBZ769,861260030902843,2017-05-24 10:33:52,24.512666,117.980936
117.97493315,24.51511228,24.026626354420774,‘¡BBZ769,861260030902843,2017-05-24 10:33:11,24.515,117.975136
117.94625023,24.52289985,37.660135599866805,‘¡BBZ769,861260030902843,2017-05-24 10:30:01,24.522666,117.94652
117.93095641,24.53313712,42.27490265998269,‘¡BBZ769,861260030902843,2017-05-24 10:27:08,24.5328,117.931152
117.90758126,24.55420347,14.509298578506284,‘¡BBZ769,861260030902843,2017-05-24 10:24:07,24.55415,117.907712
117.93342904,24.57154352,51.386522818092445,‘¡BBZ769,861260030902843,2017-05-24 10:21:04,24.57135,117.932968
117.97009487,24.58027532,26.97397225674266,‘¡BBZ769,861260030902843,2017-05-24 10:18:05,24.580184,117.969848
118.0040264,24.59685298,30.75702758951554,‘¡BBZ769,861260030902843,2017-05-24 10:15:05,24.596734,118.003752
118.04029396,24.61055101,53.33252778491943,‘¡BBZ769,861260030902843,2017-05-24 10:12:05,24.610384,118.0398
118.07169997,24.63192922,54.40017545844023,‘¡BBZ769,861260030902843,2017-05-24 10:09:02,24.631532,118.071384
118.100935,24.65605592,51.77042539512907,‘¡BBZ769,861260030902843,2017-05-24 10:06:01,24.655716,118.100584
118.12175995,24.67200983,29.55428111416305,‘¡BBZ769,861260030902843,2017-05-24 10:03:53,24.671934,118.12148
118.13153894,24.67469117,42.17023183765943,‘¡BBZ769,861260030902843,2017-05-24 10:03:03,24.67455,118.131152
118.16588548,24.68647748,33.25695296407737,‘¡BBZ769,861260030902843,2017-05-24 10:00:09,24.6864,118.165568
118.19170678,24.69042692,6.000100167766419,‘¡BBZ769,861260030902843,2017-05-24 09:57:14,24.690434,118.191648
118.19171006,24.69042329,6.391628879637564,‘¡BBZ769,861260030902843,2017-05-24 09:54:44,24.690434,118.191648
118.19172614,24.69041191,8.277796160060321,‘¡BBZ769,861260030902843,2017-05-24 09:51:46,24.690434,118.191648
118.191707,24.69043721,5.981469305462056,‘¡BBZ769,861260030902843,2017-05-24 09:48:46,24.690434,118.191648
118.20958387,24.68911805,44.686977352483225,‘¡BBZ769,861260030902843,2017-05-24 09:45:04,24.689034,118.209152
118.24737096,24.6892515,38.043505823609344,‘¡BBZ769,861260030902843,2017-05-24 09:42:09,24.6894,118.247032
118.28305232,24.68123902,46.212504034898565,‘¡BBZ769,861260030902843,2017-05-24 09:39:05,24.681182,118.2826
118.32068723,24.68357478,21.50181243671741,‘¡BBZ769,861260030902843,2017-05-24 09:36:02,24.683532,118.32048
118.34351651,24.69448044,24.028353820220115,‘¡BBZ769,861260030902843,2017-05-24 09:33:58,24.6944,118.343296
118.3552197,24.69590973,43.29290619024174,‘¡BBZ769,861260030902843,2017-05-24 09:33:04,24.695834,118.3548
118.38931512,24.70729251,42.944189978135995,‘¡BBZ769,861260030902843,2017-05-24 09:30:00,24.70705,118.388984
118.41638779,24.73079624,48.76867766317436,‘¡BBZ769,861260030902843,2017-05-24 09:27:02,24.730516,118.416016
118.44434962,24.75587102,20.44017456322338,‘¡BBZ769,861260030902843,2017-05-24 09:24:03,24.755716,118.44424
118.46989273,24.7827622,19.33961033615359,‘¡BBZ769,861260030902843,2017-05-24 09:21:00,24.782734,118.469704
118.50151174,24.80504424,22.71867741671965,‘¡BBZ769,861260030902843,2017-05-24 09:18:02,24.8049,118.501352
118.53348586,24.82561928,19.922020570217516,‘¡BBZ769,861260030902843,2017-05-24 09:15:07,24.82555,118.533304
118.56553899,24.84636993,28.808375783692064,‘¡BBZ769,861260030902843,2017-05-24 09:12:01,24.846234,118.565296
118.59664569,24.87068806,14.042500875142505,‘¡BBZ769,861260030902843,2017-05-24 09:09:00,24.870634,118.59652
118.61721328,24.89851242,1232.1331210152368,‘¡BBZ769,861260030902843,2017-05-24 09:06:15,24.905332,118.626848
118.6403128,24.91663928,40.05318982882164,‘¡BBZ769,861260030902843,2017-05-24 09:03:52,24.916384,118.640032
118.64598256,24.92475727,29.44833663455163,‘¡BBZ769,861260030902843,2017-05-24 09:03:04,24.92455,118.6458
118.65902982,24.95929721,53.33633295710602,‘¡BBZ769,861260030902843,2017-05-24 09:00:02,24.958816,118.659048
118.67270874,24.99391179,18.946497984923592,‘¡BBZ769,861260030902843,2017-05-24 08:57:03,24.993784,118.672584
118.68814241,25.02879455,27.36558319113654,‘¡BBZ769,861260030902843,2017-05-24 08:54:03,25.02855,118.688104
118.71243827,25.05962493,46.58289503735878,‘¡BBZ769,861260030902843,2017-05-24 08:51:00,25.059284,118.712168
118.74161236,25.08291154,41.94675412063937,‘¡BBZ769,861260030902843,2017-05-24 08:48:07,25.082684,118.74128
118.80819935,25.1177086,44.627518669617075,‘¡BBZ769,861260030902843,2017-05-24 08:42:06,25.117484,118.807832
118.82194648,25.1394643,1.6790279500467844,‘¡BBZ769,861260030902843,2017-05-24 08:33:43,25.13945,118.821952
118.82194648,25.1394643,1.6790279500467844,‘¡BBZ769,861260030902843,2017-05-24 08:33:43,25.13945,118.821952
118.82196555,25.1394865,4.267904598347528,‘¡BBZ769,861260030902843,2017-05-24 08:06:15,25.13945,118.821952
118.82195393,25.13946147,1.2854066932727848,‘¡BBZ769,861260030902843,2017-05-24 07:54:19,25.13945,118.821952
118.82231071,25.15450086,48.401360267489,‘¡BBZ769,861260030902843,2017-05-24 07:51:05,25.154066,118.822264
118.84427507,25.18045733,41.05604503202939,‘¡BBZ769,861260030902843,2017-05-24 07:48:07,25.180184,118.844
118.86585844,25.21027883,22.849121769178584,‘¡BBZ769,861260030902843,2017-05-24 07:45:06,25.210084,118.865784
118.86961796,25.24563525,48.478333289125686,‘¡BBZ769,861260030902843,2017-05-24 07:42:03,25.245216,118.86948
118.92822042,25.2863292,26.263482421145365,‘¡BBZ769,861260030902843,2017-05-24 07:36:06,25.286182,118.928016
118.95481471,25.29774889,17.73883863273725,‘¡BBZ769,861260030902843,2017-05-24 07:33:53,25.297666,118.954664
118.96458595,25.30023854,20.780355423261188,‘¡BBZ769,861260030902843,2017-05-24 07:33:05,25.3002,118.964384
119.00047727,25.3049139,30.251966329232797,‘¡BBZ769,861260030902843,2017-05-24 07:30:00,25.30465,119.0004
119.01690628,25.33621071,16.028971133018352,‘¡BBZ769,861260030902843,2017-05-24 07:27:02,25.336068,119.01688
119.04677639,25.35590736,25.702377116945293,‘¡BBZ769,861260030902843,2017-05-24 07:24:05,25.355716,119.046632
119.07114066,25.38428409,21.660917140708246,‘¡BBZ769,861260030902843,2017-05-24 07:21:01,25.38415,119.070984
119.09455854,25.41429126,9.322488540377227,‘¡BBZ769,861260030902843,2017-05-24 07:18:00,25.414216,119.0946
119.12012851,25.43862441,29.395584459351607,‘¡BBZ769,861260030902843,2017-05-24 07:15:03,25.43855,119.119848
119.15477648,25.45292149,34.386650515997886,‘¡BBZ769,861260030902843,2017-05-24 07:12:07,25.452734,119.154504
119.18945392,25.47083558,42.52854593395929,‘¡BBZ769,861260030902843,2017-05-24 07:09:02,25.4706,119.18912
119.2236453,25.48792018,32.15159533568014,‘¡BBZ769,861260030902843,2017-05-24 07:06:01,25.487734,119.2234
119.24074606,25.50622447,27.660284418358813,‘¡BBZ769,861260030902843,2017-05-24 07:03:53,25.505984,119.240672
119.24488693,25.51488258,42.5071814856067,‘¡BBZ769,861260030902843,2017-05-24 07:03:06,25.514566,119.244648
119.26063407,25.54536857,24.5099245216276,‘¡BBZ769,861260030902843,2017-05-24 07:00:09,25.545166,119.260536
119.27451327,25.57804781,4.18124866845022,‘¡BBZ769,861260030902843,2017-05-24 06:57:08,25.578034,119.274552
119.27898813,25.64614242,27.099867860679527,‘¡BBZ769,861260030902843,2017-05-24 06:51:00,25.6459,119.278952
119.29786264,25.67457834,24.225942433584333,‘¡BBZ769,861260030902843,2017-05-24 06:48:07,25.674384,119.297752
119.30339185,25.70871038,27.671432650398273,‘¡BBZ769,861260030902843,2017-05-24 06:45:07,25.708518,119.303216
119.303282,25.74546775,4.559043389228379,‘¡BBZ769,861260030902843,2017-05-24 06:42:01,25.745434,119.303256
119.29509873,25.77651531,24.38975675052573,‘¡BBZ769,861260030902843,2017-05-24 06:39:00,25.7763,119.295048
119.30519963,25.8098365,30.13475330679356,‘¡BBZ769,861260030902843,2017-05-24 06:36:01,25.809566,119.305168
119.30614348,25.83241033,5.001275254414874,‘¡BBZ769,861260030902843,2017-05-24 06:33:57,25.832384,119.306184
119.30615043,25.84000473,12.225510428235621,‘¡BBZ769,861260030902843,2017-05-24 06:33:12,25.8399,119.306112
119.32440141,25.85978042,38.74858788029922,‘¡BBZ769,861260030902843,2017-05-24 06:30:03,25.859566,119.324096
119.35398821,25.87517909,0.6884224666439788,‘¡BBZ769,861260030902843,2017-05-24 06:27:08,25.875184,119.353984
119.37927094,25.89858754,41.28075952432891,‘¡BBZ769,861260030902843,2017-05-24 06:24:05,25.898284,119.379032
119.38685299,25.92815074,24.792583661013047,‘¡BBZ769,861260030902843,2017-05-24 06:21:06,25.92805,119.386632
119.41419561,25.9449607,10.55579607753063,‘¡BBZ769,861260030902843,2017-05-24 06:18:08,25.944866,119.414184
119.44750892,25.95719971,20.860580025652215,‘¡BBZ769,861260030902843,2017-05-24 06:15:04,25.957166,119.447304
119.47899673,25.97193342,21.40297785312462,‘¡BBZ769,861260030902843,2017-05-24 06:12:09,25.971782,119.478864
119.46399307,25.99460498,4.890835311378812,‘¡BBZ769,861260030902843,2017-05-24 06:09:03,25.994566,119.464016
119.49344647,26.04747505,19.943381677432775,‘¡BBZ769,861260030902843,2017-05-24 06:03:07,26.0473,119.4934
119.49869384,26.07875721,39.00236705025897,‘¡BBZ769,861260030902843,2017-05-24 06:00:08,26.078484,119.498448
119.52148759,26.10383067,2.252434894353336,‘¡BBZ769,861260030902843,2017-05-24 05:57:07,26.103816,119.521472
119.53945213,26.12974506,23.190760448586303,‘¡BBZ769,861260030902843,2017-05-24 05:54:10,26.12955,119.539368
119.55340409,26.15010703,2.8157337229675417,‘¡BBZ769,861260030902843,2017-05-24 05:51:58,26.150084,119.553416
119.54835604,26.18623914,4.500267016983577,‘¡BBZ769,861260030902843,2017-05-24 05:48:09,26.1862,119.548344
119.60688325,26.47830548,5.439486328177666,‘¡BBZ769,861260030902843,2017-05-24 05:04:15,26.478318,119.606936
119.62201712,26.53658996,42.8022112358896,‘¡BBZ769,861260030902843,2017-05-24 04:58:36,26.536234,119.622184
119.61423782,26.54941813,8.189037354858838,‘¡BBZ769,861260030902843,2017-05-24 04:57:07,26.549418,119.61432
119.59988137,26.57632055,24.404060943620387,‘¡BBZ769,861260030902843,2017-05-24 04:54:11,26.576482,119.600048
119.7502473,26.83803857,19.669580330590623,‘¡BBZ769,861260030902843,2017-05-24 04:18:05,26.838084,119.750056
119.78178787,26.84267763,9.791636626337038,‘¡BBZ769,861260030902843,2017-05-24 04:15:05,26.842734,119.781712
121.11465654,28.28563089,9.807143777522294,‘¡BBZ769,861260030902843,2017-05-23 23:03:48,28.28555,121.114616
121.11560505,28.2903768,12.451729836659972,‘¡BBZ769,861260030902843,2017-05-23 23:03:08,28.290266,121.115584
121.11649705,28.29497528,3.7265413896684607,‘¡BBZ769,861260030902843,2017-05-23 23:00:15,28.29495,121.116472
121.11649736,28.29497613,3.817614812264912,‘¡BBZ769,861260030902843,2017-05-23 22:57:45,28.29495,121.116472
121.11649702,28.29497657,3.833295936705396,‘¡BBZ769,861260030902843,2017-05-23 22:54:46,28.29495,121.116472
121.11840394,28.29955613,3.590163052491351,‘¡BBZ769,861260030902843,2017-05-23 22:51:04,28.29955,121.118368
121.12494306,28.32543268,36.59219286201852,‘¡BBZ769,861260030902843,2017-05-23 22:48:09,28.325134,121.124784
121.1438676,28.35167331,39.92077066550212,‘¡BBZ769,861260030902843,2017-05-23 22:45:01,28.351316,121.143816
121.14875506,28.36960002,31.218514576794387,‘¡BBZ769,861260030902843,2017-05-23 22:43:07,28.369418,121.148512
121.18523185,28.39153082,18.483191743663912,‘¡BBZ769,861260030902843,2017-05-23 22:39:01,28.391568,121.185048
121.19129539,28.39289667,24.79048355437272,‘¡BBZ769,861260030902843,2017-05-23 22:38:31,28.39285,121.191048
121.23854986,28.44492466,23.671817276605836,‘¡BBZ769,861260030902843,2017-05-23 22:31:03,28.444784,121.238368
121.24125851,28.45409409,20.552314309680003,‘¡BBZ769,861260030902843,2017-05-23 22:30:02,28.453916,121.2412
121.24310937,28.4850361,2.2888462539886896,‘¡BBZ769,861260030902843,2017-05-23 22:27:04,28.485016,121.243104
121.24627292,28.51608353,23.971301379346585,‘¡BBZ769,861260030902843,2017-05-23 22:24:05,28.515882,121.246184
121.24385732,28.54599998,25.947642759660166,‘¡BBZ769,861260030902843,2017-05-23 22:21:09,28.545766,121.243848
121.23887507,28.57779454,23.408367472001466,‘¡BBZ769,861260030902843,2017-05-23 22:18:10,28.577584,121.238856
121.23956306,28.60981605,39.02372362341955,‘¡BBZ769,861260030902843,2017-05-23 22:15:11,28.609466,121.23952
121.23631387,28.64355348,17.01115645692431,‘¡BBZ769,861260030902843,2017-05-23 22:12:03,28.6434,121.236312
121.23863791,28.67516599,59.891127055207384,‘¡BBZ769,861260030902843,2017-05-23 22:09:02,28.674668,121.2384
121.24039202,28.69108337,6.082569644273591,‘¡BBZ769,861260030902843,2017-05-23 22:07:33,28.691134,121.240368
121.2376355,28.7256701,21.03246867519723,‘¡BBZ769,861260030902843,2017-05-23 22:03:53,28.725482,121.237664
121.23575291,28.7333017,41.1527134135927,‘¡BBZ769,861260030902843,2017-05-23 22:03:08,28.73295,121.235888
121.23120979,28.76359047,39.806338780955194,‘¡BBZ769,861260030902843,2017-05-23 22:00:10,28.763234,121.23116
121.23457337,28.79753559,39.38572575753136,‘¡BBZ769,861260030902843,2017-05-23 21:57:04,28.797184,121.234632
121.22952468,28.8199286,14.30673285248164,‘¡BBZ769,861260030902843,2017-05-23 21:54:53,28.8198,121.229512
121.22279654,28.85538384,16.963874461592265,‘¡BBZ769,861260030902843,2017-05-23 21:51:05,28.855234,121.222832
121.22463106,28.88971006,40.64515387051057,‘¡BBZ769,861260030902843,2017-05-23 21:48:01,28.88935,121.224552
121.22343641,28.92138708,22.758012187730078,‘¡BBZ769,861260030902843,2017-05-23 21:45:07,28.921182,121.223448
121.21932693,28.95111212,22.392381639419398,‘¡BBZ769,861260030902843,2017-05-23 21:42:09,28.95095,121.219464
121.21877996,28.97335943,14.631071732169989,‘¡BBZ769,861260030902843,2017-05-23 21:39:55,28.97325,121.218696
121.22543971,29.02333156,16.517276581374105,‘¡BBZ769,861260030902843,2017-05-23 21:33:43,29.023184,121.225416
121.22554192,29.02711699,1693.9864373171447,‘¡BBZ769,861260030902843,2017-05-23 21:33:08,29.0424,121.225704
121.22583282,29.04729534,28.990093538491994,‘¡BBZ769,861260030902843,2017-05-23 21:30:10,29.04705,121.225936
121.1949798,29.06414605,32.06166253251106,‘¡BBZ769,861260030902843,2017-05-23 21:27:01,29.064,121.195264
121.16283437,29.08065311,44.42067433920864,‘¡BBZ769,861260030902843,2017-05-23 21:24:05,29.0805,121.163256
121.13535944,29.1024501,22.330215516716418,‘¡BBZ769,861260030902843,2017-05-23 21:21:04,29.102534,121.135568
121.10057702,29.11453498,23.588400835596854,‘¡BBZ769,861260030902843,2017-05-23 21:18:06,29.114666,121.100768
121.07535682,29.13389001,35.88995400203597,‘¡BBZ769,861260030902843,2017-05-23 21:15:13,29.133734,121.07568
121.074293,29.1348,22.545113084276206,‘¡BBZ769,861260030902843,2017-05-23 20:57:46,29.134884,121.074504
121.07455739,29.13494141,8.21483937661051,‘¡BBZ769,861260030902843,2017-05-23 20:51:48,29.134884,121.074504
121.06454073,29.14731943,37.31378804451095,‘¡BBZ769,861260030902843,2017-05-23 20:48:09,29.147118,121.064848
120.99625152,29.16830666,29.624619129209485,‘¡BBZ769,861260030902843,2017-05-23 20:42:06,29.168066,120.996384
120.97135206,29.19361987,41.242950848616914,‘¡BBZ769,861260030902843,2017-05-23 20:39:03,29.193318,120.9716
120.94788758,29.21821742,22.366736081770767,‘¡BBZ769,861260030902843,2017-05-23 20:36:04,29.21805,120.948016
120.9227502,29.24082345,34.474757775522825,‘¡BBZ769,861260030902843,2017-05-23 20:33:04,29.240534,120.92288
120.91262667,29.26076907,9.486023490510371,‘¡BBZ769,861260030902843,2017-05-23 20:30:11,29.260684,120.912616
120.78160544,30.03809827,37.08792137689549,‘¡BBZ769,861260030902843,2017-05-23 18:57:08,30.037768,120.781544
120.77974804,30.1008835,30.772814159420456,‘¡BBZ769,861260030902843,2017-05-23 18:51:06,30.100634,120.779888
120.77567742,30.13445157,30.91884788928809,‘¡BBZ769,861260030902843,2017-05-23 18:48:05,30.134184,120.775768
120.77352716,30.1686336,27.993629904773137,‘¡BBZ769,861260030902843,2017-05-23 18:45:00,30.168382,120.773552
120.76991101,30.19954448,27.208647518490558,‘¡BBZ769,861260030902843,2017-05-23 18:42:09,30.1993,120.769936
120.77529336,30.23105475,11.47538514688917,‘¡BBZ769,861260030902843,2017-05-23 18:39:10,30.230966,120.775232
120.77553372,30.23308052,30.462550741381506,‘¡BBZ769,861260030902843,2017-05-23 18:38:59,30.232816,120.775448
120.77662016,30.24292588,32.54345335118564,‘¡BBZ769,861260030902843,2017-05-23 18:38:04,30.242634,120.776584
120.77763693,30.26543467,44.688086815146235,‘¡BBZ769,861260030902843,2017-05-23 18:36:03,30.265034,120.777688
120.77693023,30.27658328,20.341720664007823,‘¡BBZ769,861260030902843,2017-05-23 18:35:04,30.2764,120.77692
120.78928607,30.36242662,44.30478753632468,‘¡BBZ769,861260030902843,2017-05-23 18:27:05,30.362034,120.7892
120.78940233,30.37362606,30.78106444719285,‘¡BBZ769,861260030902843,2017-05-23 18:26:05,30.37335,120.789368
120.78613945,30.43879469,29.215183733937877,‘¡BBZ769,861260030902843,2017-05-23 18:20:01,30.438534,120.786184
120.81176016,30.45899565,58.04159300656799,‘¡BBZ769,861260030902843,2017-05-23 18:17:08,30.458616,120.811344
120.83711847,30.48326251,38.25376523550315,‘¡BBZ769,861260030902843,2017-05-23 18:14:05,30.48345,120.836784
120.8837034,30.53591323,31.944085278788194,‘¡BBZ769,861260030902843,2017-05-23 18:08:05,30.53565,120.883568
120.93478638,30.58275577,39.06300757658796,‘¡BBZ769,861260030902843,2017-05-23 18:02:07,30.58245,120.934584
121.17156143,30.69943531,3.592974864167403,‘¡BBZ769,861260030902843,2017-05-23 17:38:31,30.69945,121.171528
121.17206138,30.70063015,7.479753190781281,‘¡BBZ769,861260030902843,2017-05-23 17:32:27,30.70065,121.172136
121.17206186,30.70063029,7.4312374768055856,‘¡BBZ769,861260030902843,2017-05-23 17:29:55,30.70065,121.172136
121.17206084,30.70063068,7.5122477307108495,‘¡BBZ769,861260030902843,2017-05-23 17:26:56,30.70065,121.172136
121.172343,30.700733,21.86172462516942,‘¡BBZ769,861260030902843,2017-05-23 17:23:58,30.70065,121.172136
121.17208753,30.70067224,8.093822966800596,‘¡BBZ769,861260030902843,2017-05-23 17:08:06,30.70065,121.172168
121.17208753,30.70067224,8.093822966800596,‘¡BBZ769,861260030902843,2017-05-23 17:08:06,30.70065,121.172168
121.19097928,30.70954963,43.49152962956581,‘¡BBZ769,861260030902843,2017-05-23 17:05:07,30.709334,121.1906
121.22827975,30.72038078,50.64119593354996,‘¡BBZ769,861260030902843,2017-05-23 17:02:07,30.720266,121.227768
121.26331567,30.73069208,8.618793109544752,‘¡BBZ769,861260030902843,2017-05-23 16:59:03,30.73065,121.26324
121.26847828,30.73268721,37.021946342966,‘¡BBZ769,861260030902843,2017-05-23 16:56:08,30.732532,121.268136
121.29056212,30.76012171,49.1671270027204,‘¡BBZ769,861260030902843,2017-05-23 16:53:04,30.759782,121.290232
121.32366043,30.77748587,2.673794869193779,‘¡BBZ769,861260030902843,2017-05-23 16:50:07,30.777482,121.323688
121.35566238,30.79757119,22.58012180911864,‘¡BBZ769,861260030902843,2017-05-23 16:47:06,30.797434,121.355488
121.39090806,30.81034685,21.293654312513674,‘¡BBZ769,861260030902843,2017-05-23 16:44:08,30.810234,121.390728
121.42841059,30.8221455,36.725020253273655,‘¡BBZ769,861260030902843,2017-05-23 16:41:08,30.821966,121.428088
121.4496876,30.83913167,46.916745561963886,‘¡BBZ769,861260030902843,2017-05-23 16:38:54,30.838868,121.449304
121.45875834,30.84447416,40.24277331078873,‘¡BBZ769,861260030902843,2017-05-23 16:38:04,30.844284,121.4584
121.48704421,30.86208886,48.994726359637845,‘¡BBZ769,861260030902843,2017-05-23 16:35:09,30.86165,121.486984
121.48361829,30.8969725,24.83106126201075,‘¡BBZ769,861260030902843,2017-05-23 16:32:02,30.89675,121.483648
121.49788522,30.91068356,11.807011755393559,‘¡BBZ769,861260030902843,2017-05-23 16:29:06,30.91065,121.497768
121.52036475,30.9179454,16.67807295155991,‘¡BBZ769,861260030902843,2017-05-23 16:26:00,30.9178,121.52032
121.51909625,30.931953,33.59310124183551,‘¡BBZ769,861260030902843,2017-05-23 16:23:09,30.93165,121.519096
121.51802676,30.94929581,17.673811266027933,‘¡BBZ769,861260030902843,2017-05-23 16:20:17,30.94915,121.517952
121.51780934,30.96188063,21.818390019147877,‘¡BBZ769,861260030902843,2017-05-23 16:17:12,30.961684,121.5178
121.51253908,30.97700014,22.264067121956284,‘¡BBZ769,861260030902843,2017-05-23 16:14:11,30.9768,121.51252
121.51124759,30.98637061,19.600590648210698,‘¡BBZ769,861260030902843,2017-05-23 16:11:03,30.986218,121.511144
121.51076774,30.99883486,34.392636473456186,‘¡BBZ769,861260030902843,2017-05-23 16:08:27,30.998534,121.51068
121.5104067,31.00056045,10.145979997386043,‘¡BBZ769,861260030902843,2017-05-23 16:07:58,31.000482,121.510352
121.50933481,31.00636969,18.06446312311729,‘¡BBZ769,861260030902843,2017-05-23 16:07:15,31.006216,121.509272
121.509081,31.035216,166.30642795716085,‘¡BBZ769,861260030902843,2017-05-23 16:01:16,31.033716,121.509088
121.37629362,31.26583494,6.101506488482329,‘¡BBZ769,861260030902843,2017-05-19 20:40:09,31.26585,121.376232
121.37648064,31.2655881,37.46927393162376,‘¡BBZ769,861260030902843,2017-05-19 20:37:37,31.26585,121.376232
121.37572981,31.26446411,13.361209952769553,‘¡BBZ769,861260030902843,2017-05-19 20:25:21,31.264584,121.375744
121.37571047,31.26448438,11.497638551993372,‘¡BBZ769,861260030902843,2017-05-19 20:22:19,31.264584,121.375744
121.37576588,31.26471571,14.751147634208325,‘¡BBZ769,861260030902843,2017-05-19 20:19:20,31.264584,121.375744
121.37596757,31.26474794,27.995902829217755,‘¡BBZ769,861260030902843,2017-05-19 19:52:46,31.264584,121.375744
121.37595636,31.26471714,25.039224119785523,‘¡BBZ769,861260030902843,2017-05-19 19:49:45,31.264584,121.375744
121.37595226,31.26470982,24.249075569376668,‘¡BBZ769,861260030902843,2017-05-19 19:46:45,31.264584,121.375744
121.37599294,31.26465635,25.029211112636208,‘¡BBZ769,861260030902843,2017-05-19 19:40:46,31.264584,121.375744
121.37581089,31.26455059,7.36926538427454,‘¡BBZ769,861260030902843,2017-05-19 19:37:45,31.264584,121.375744
121.37604589,31.26456735,28.811075105424035,‘¡BBZ769,861260030902843,2017-05-19 19:34:45,31.264584,121.375744
121.37604589,31.26456735,28.811075105424035,‘¡BBZ769,861260030902843,2017-05-19 19:34:45,31.264584,121.375744
121.37592287,31.26465653,18.838175044747935,‘¡BBZ769,861260030902843,2017-05-19 19:22:46,31.264584,121.375744
121.37598415,31.26465515,24.19399248432964,‘¡BBZ769,861260030902843,2017-05-19 19:19:47,31.264584,121.375744
121.37610923,31.26478901,41.55254134726281,‘¡BBZ769,861260030902843,2017-05-19 19:16:46,31.264584,121.375744
121.37606591,31.26500299,55.65986494932607,‘¡BBZ769,861260030902843,2017-05-19 19:13:45,31.264584,121.375744
121.37592257,31.26461949,17.456204057977708,‘¡BBZ769,861260030902843,2017-05-19 19:07:51,31.264584,121.375744
121.37583168,31.26481042,26.45653219469737,‘¡BBZ769,861260030902843,2017-05-19 17:52:21,31.264584,121.375744
121.37582544,31.26473498,18.449385092470607,‘¡BBZ769,861260030902843,2017-05-19 17:49:23,31.264584,121.375744
121.375819,31.26474686,19.418421591855047,‘¡BBZ769,861260030902843,2017-05-19 17:46:21,31.264584,121.375744
121.37581692,31.26474875,19.54215881525161,‘¡BBZ769,861260030902843,2017-05-19 17:43:22,31.264584,121.375744
121.37578491,31.26477138,21.13776810306113,‘¡BBZ769,861260030902843,2017-05-19 17:40:23,31.264584,121.375744
121.37575726,31.26470278,18.032565660223167,‘¡BBZ769,861260030902843,2017-05-19 17:31:49,31.2646,121.375904
121.37575064,31.26468594,17.43920117992132,‘¡BBZ769,861260030902843,2017-05-19 17:28:49,31.2646,121.375904
121.37606031,31.26466993,16.78496145912188,‘¡BBZ769,861260030902843,2017-05-19 16:43:11,31.2646,121.375904
121.37601039,31.26471092,15.934633693232716,‘¡BBZ769,861260030902843,2017-05-19 16:34:15,31.2646,121.375904
121.37601039,31.26471092,15.934633693232716,‘¡BBZ769,861260030902843,2017-05-19 16:34:15,31.2646,121.375904
121.37600857,31.26471794,16.437150189590263,‘¡BBZ769,861260030902843,2017-05-19 16:31:15,31.2646,121.375904
121.37652718,31.26566458,1.755224252916933,‘¡BBZ769,861260030902843,2017-05-19 16:28:17,31.26565,121.37652
121.37101699,31.2636042,3.3053904684243407,‘¡BBZ769,861260030902843,2017-05-19 16:25:10,31.263634,121.371016
121.36979229,31.25867997,9.259984097544598,‘¡BBZ769,861260030902843,2017-05-19 16:22:24,31.258716,121.36988
121.36726505,31.25329441,5.513831771703826,‘¡BBZ769,861260030902843,2017-05-19 16:19:32,31.253268,121.367216
121.3582291,31.25556204,18.02305890312673,‘¡BBZ769,861260030902843,2017-05-19 16:16:03,31.255684,121.358104
121.35526483,31.25646758,9.464070741378137,‘¡BBZ769,861260030902843,2017-05-19 16:13:35,31.256416,121.355344
121.34633719,31.24903264,7.389496415400615,‘¡BBZ769,861260030902843,2017-05-19 16:10:23,31.248966,121.346336
121.3429986,31.23499522,6.9871648183691395,‘¡BBZ769,861260030902843,2017-05-19 16:07:16,31.234934,121.343016
121.34335841,31.23072472,4.667162433310562,‘¡BBZ769,861260030902843,2017-05-19 16:04:13,31.230766,121.343368
121.34365246,31.22681946,3.0795989193043485,‘¡BBZ769,861260030902843,2017-05-19 16:01:16,31.226834,121.34368
121.34830807,31.21529277,6.207385741573365,‘¡BBZ769,861260030902843,2017-05-19 15:58:03,31.215334,121.348264
121.35302945,31.19068555,10.27405870429496,‘¡BBZ769,861260030902843,2017-05-19 15:55:08,31.19075,121.352952
121.35501296,31.17879749,9.096006640268865,‘¡BBZ769,861260030902843,2017-05-19 15:52:06,31.178816,121.35492
121.35941909,31.16751233,5.351184445064996,‘¡BBZ769,861260030902843,2017-05-19 15:49:19,31.16755,121.359384
121.36193797,31.16143356,28.74162495202279,‘¡BBZ769,861260030902843,2017-05-19 15:46:06,31.161632,121.361744
121.3697336,31.14550261,9.710097560350997,‘¡BBZ769,861260030902843,2017-05-19 15:43:42,31.145584,121.369696
121.38198335,31.12441187,15.710150981588814,‘¡BBZ769,861260030902843,2017-05-19 15:40:00,31.124532,121.381896
121.3656227,31.11902913,5.24095383583207,‘¡BBZ769,861260030902843,2017-05-19 15:37:08,31.11905,121.365672
121.35450337,31.11561498,37.14233253872304,‘¡BBZ769,861260030902843,2017-05-19 15:34:51,31.1157,121.35488
121.34651195,31.11196297,30.567011970546165,‘¡BBZ769,861260030902843,2017-05-19 15:34:04,31.11205,121.346816
121.32136533,31.08812772,41.51440276897329,‘¡BBZ769,861260030902843,2017-05-19 15:31:07,31.0884,121.321664
121.31181851,31.07766206,10.876473509622036,‘¡BBZ769,861260030902843,2017-05-19 15:28:51,31.077734,121.311896
121.29784284,31.06091763,24.57421281161484,‘¡BBZ769,861260030902843,2017-05-19 15:25:03,31.061068,121.298032
121.26763909,31.04060479,45.07118630723908,‘¡BBZ769,861260030902843,2017-05-19 15:22:07,31.040782,121.268064
121.23101521,31.02312511,38.535501755667795,‘¡BBZ769,861260030902843,2017-05-19 15:19:07,31.023166,121.231416
121.190037,31.02227965,41.7571144509865,‘¡BBZ769,861260030902843,2017-05-19 15:16:02,31.022118,121.190432
121.15292097,31.01496714,13.028716083182674,‘¡BBZ769,861260030902843,2017-05-19 15:13:04,31.014984,121.153056
121.12129172,31.00009262,43.28935454717446,‘¡BBZ769,861260030902843,2017-05-19 15:10:01,31.000334,121.121648
121.0997764,30.97803939,18.45125359361021,‘¡BBZ769,861260030902843,2017-05-19 15:07:06,30.978184,121.099872
121.09211248,30.95405797,44.93679065011963,‘¡BBZ769,861260030902843,2017-05-19 15:04:52,30.954434,121.092288
121.08775427,30.94550971,42.90090530456972,‘¡BBZ769,861260030902843,2017-05-19 15:04:07,30.94585,121.087968
121.06112808,30.91591783,23.437530818534547,‘¡BBZ769,861260030902843,2017-05-19 15:01:02,30.916018,121.061344
121.03272238,30.89449271,2.7662583116848602,‘¡BBZ769,861260030902843,2017-05-19 14:58:00,30.894516,121.032712
121.03088907,30.89230445,6.5113152656993725,‘¡BBZ769,861260030902843,2017-05-19 14:55:00,30.892282,121.030952
121.00835042,30.87154953,44.58787230563701,‘¡BBZ769,861260030902843,2017-05-19 14:52:07,30.871834,121.00868
120.98157419,30.84222147,17.759445114559963,‘¡BBZ769,861260030902843,2017-05-19 14:49:04,30.8423,120.981736
120.96026207,30.81355051,13.578236161712736,‘¡BBZ769,861260030902843,2017-05-19 14:46:06,30.813632,120.960368
120.9455639,30.79898552,41.91539020350358,‘¡BBZ769,861260030902843,2017-05-19 14:43:05,30.799232,120.945896
120.91483341,30.77567035,23.11769175160839,‘¡BBZ769,861260030902843,2017-05-19 14:40:08,30.775766,120.915048
120.87946442,30.75300922,51.21147602469778,‘¡BBZ769,861260030902843,2017-05-19 14:37:05,30.7533,120.87988
120.84888272,30.72759231,29.476902706169227,‘¡BBZ769,861260030902843,2017-05-19 14:34:06,30.727784,120.849096
120.82011327,30.70022509,29.728315748767027,‘¡BBZ769,861260030902843,2017-05-19 14:31:05,30.700284,120.820416
120.78671853,30.67718676,42.51476464993986,‘¡BBZ769,861260030902843,2017-05-19 14:28:01,30.67735,120.78712
120.54989233,30.53380724,43.60327324338227,‘¡BBZ769,861260030902843,2017-05-19 14:04:50,30.53385,120.550344
120.5393176,30.53172764,40.37742968891235,‘¡BBZ769,861260030902843,2017-05-19 14:04:00,30.531834,120.53972
120.5078255,30.5129614,17.10902240155479,‘¡BBZ769,861260030902843,2017-05-19 14:01:06,30.513032,120.507984
120.47400594,30.49414834,14.184945489076698,‘¡BBZ769,861260030902843,2017-05-19 13:58:05,30.494266,120.474064
120.44044819,30.48044259,41.947218996670266,‘¡BBZ769,861260030902843,2017-05-19 13:55:06,30.4805,120.44088
120.40916635,30.4598801,15.408611239249025,‘¡BBZ769,861260030902843,2017-05-19 13:52:07,30.460016,120.4092
120.38368343,30.43028651,45.50502161892825,‘¡BBZ769,861260030902843,2017-05-19 13:49:06,30.4305,120.384088
120.3474081,30.4089769,41.76228082694165,‘¡BBZ769,861260030902843,2017-05-19 13:46:06,30.409166,120.347784
120.3103633,30.39039396,43.318689977642464,‘¡BBZ769,861260030902843,2017-05-19 13:43:07,30.390566,120.310768
120.27971416,30.36661963,16.47797729513705,‘¡BBZ769,861260030902843,2017-05-19 13:40:04,30.366766,120.279744
120.27108107,30.34771735,9.486724318827306,‘¡BBZ769,861260030902843,2017-05-19 13:37:12,30.347666,120.27116
120.24832002,30.35779214,37.326251675694905,‘¡BBZ769,861260030902843,2017-05-19 13:34:57,30.357666,120.24868
120.23790559,30.36127537,16.700132068555845,‘¡BBZ769,861260030902843,2017-05-19 13:34:02,30.3612,120.238056
120.2095239,30.37521101,8.954319200154202,‘¡BBZ769,861260030902843,2017-05-19 13:31:11,30.375134,120.209552
120.19614096,30.38487756,17.48747315837712,‘¡BBZ769,861260030902843,2017-05-19 13:28:17,30.38475,120.196248
120.1704677,30.39225212,17.305302425596302,‘¡BBZ769,861260030902843,2017-05-19 13:25:17,30.392316,120.170632
120.13460078,30.38797245,23.89000040927453,‘¡BBZ769,861260030902843,2017-05-19 13:22:01,30.38795,120.134848
120.10569625,30.38743733,15.160350704007604,‘¡BBZ769,861260030902843,2017-05-19 13:19:08,30.3874,120.105848
120.08260081,30.37663447,8.470846165277617,‘¡BBZ769,861260030902843,2017-05-19 13:16:04,30.376668,120.08268
120.06132339,30.35949341,34.85203794250334,‘¡BBZ769,861260030902843,2017-05-19 13:13:11,30.359766,120.061504
120.05505469,30.34312773,21.266463002760723,‘¡BBZ769,861260030902843,2017-05-19 13:10:57,30.3433,120.055152
120.05080349,30.3346619,27.526694801812813,‘¡BBZ769,861260030902843,2017-05-19 13:10:04,30.334882,120.050936
120.05189863,30.30162396,21.89934213501254,‘¡BBZ769,861260030902843,2017-05-19 13:07:00,30.301816,120.051952
120.04156686,30.27598712,36.68056442739395,‘¡BBZ769,861260030902843,2017-05-19 13:04:06,30.276318,120.041568
120.03907608,30.25126161,13.135207628028398,‘¡BBZ769,861260030902843,2017-05-19 13:01:11,30.251368,120.039016
120.05392818,30.22474325,17.372186801148484,‘¡BBZ769,861260030902843,2017-05-19 12:58:02,30.224866,120.053816
120.05426811,30.20862295,1.2872927410995396,‘¡BBZ769,861260030902843,2017-05-19 12:55:22,30.208634,120.054264
120.05323918,30.20197893,10.363312172592805,‘¡BBZ769,861260030902843,2017-05-19 12:52:49,30.202066,120.0532
120.05268249,30.19163978,4.562701632719745,‘¡BBZ769,861260030902843,2017-05-19 12:49:23,30.191668,120.052648
120.05464546,30.18638275,9.345451172821903,‘¡BBZ769,861260030902843,2017-05-19 12:46:32,30.1863,120.054664
120.05950278,30.18063461,2.64699814126219,‘¡BBZ769,861260030902843,2017-05-19 12:43:30,30.180616,120.05952
120.06245359,30.17766195,3.144838833599725,‘¡BBZ769,861260030902843,2017-05-19 12:40:33,30.177634,120.062448
120.06245359,30.17766195,3.144838833599725,‘¡BBZ769,861260030902843,2017-05-19 12:40:33,30.177634,120.062448
120.0647094,30.17537573,4.019225220749877,‘¡BBZ769,861260030902843,2017-05-19 12:37:55,30.17535,120.06468
120.07090997,30.16918914,9.407869179867863,‘¡BBZ769,861260030902843,2017-05-19 12:34:25,30.169166,120.070816
120.08052887,30.16115567,19.189695464953218,‘¡BBZ769,861260030902843,2017-05-19 12:28:22,30.161,120.080616
120.0812242,30.15968352,3.0342481379728254,‘¡BBZ769,861260030902843,2017-05-19 12:25:22,30.159666,120.0812
120.0827909,30.15576303,7.041975070056126,‘¡BBZ769,861260030902843,2017-05-19 12:19:25,30.1557,120.0828
120.08406391,30.15262302,12.691488904967837,‘¡BBZ769,861260030902843,2017-05-19 12:16:24,30.152532,120.083984
120.08610749,30.14805664,7.603448406802011,‘¡BBZ769,861260030902843,2017-05-19 12:13:39,30.148,120.086152
120.09087618,30.14242501,12.18811274682348,‘¡BBZ769,861260030902843,2017-05-19 12:10:55,30.142482,120.090768
120.09848931,30.13767351,8.01742135639927,‘¡BBZ769,861260030902843,2017-05-19 12:10:08,30.13765,120.098568
120.10323211,30.11693365,29.400180363998043,‘¡BBZ769,861260030902843,2017-05-19 12:07:06,30.117134,120.103432
120.08377002,30.08675927,44.36069431322695,‘¡BBZ769,861260030902843,2017-05-19 12:04:08,30.086934,120.084184
120.04989758,30.0646141,19.62395679695821,‘¡BBZ769,861260030902843,2017-05-19 12:01:00,30.064716,120.050064
120.03963499,30.03102881,48.878706308484034,‘¡BBZ769,861260030902843,2017-05-19 11:58:01,30.031468,120.03968
120.01254554,30.00643124,49.46067657560991,‘¡BBZ769,861260030902843,2017-05-19 11:55:04,30.006684,120.012968
119.96987103,30.00396068,3.243884361770232,‘¡BBZ769,861260030902843,2017-05-19 11:52:02,30.003982,119.969848
119.9326602,29.98975102,18.55908632152893,‘¡BBZ769,861260030902843,2017-05-19 11:49:07,29.989866,119.9328
119.9181784,29.95765461,20.89308910343301,‘¡BBZ769,861260030902843,2017-05-19 11:46:03,29.957834,119.918112
119.905701,29.9256306,23.376649343771618,‘¡BBZ769,861260030902843,2017-05-19 11:43:01,29.925734,119.905912
119.86986845,29.90535955,54.25133447218224,‘¡BBZ769,861260030902843,2017-05-19 11:40:06,29.9057,119.870272
119.86825475,29.9042807,36.65311819262671,‘¡BBZ769,861260030902843,2017-05-19 11:39:57,29.904418,119.8686
119.85957839,29.8959639,19.359817095493426,‘¡BBZ769,861260030902843,2017-05-19 11:39:04,29.8961,119.859704
119.81236597,29.85392614,12.839806079262233,‘¡BBZ769,861260030902843,2017-05-19 11:34:03,29.85395,119.812496
119.80426627,29.84865669,22.37593445001791,‘¡BBZ769,861260030902843,2017-05-19 11:33:07,29.848682,119.804496
119.79984759,29.84283486,7.993623026259572,‘¡BBZ769,861260030902843,2017-05-19 11:30:01,29.8428,119.79992
119.800055,29.843607,90.40209520555389,‘¡BBZ769,861260030902843,2017-05-19 11:15:07,29.8428,119.79992
119.79978911,29.84313942,39.69393875981696,‘¡BBZ769,861260030902843,2017-05-19 10:58:02,29.8428,119.79992
119.75138431,29.80357672,43.64056303534432,‘¡BBZ769,861260030902843,2017-05-19 10:49:03,29.803868,119.751688
119.72101003,29.7816248,24.27506041733563,‘¡BBZ769,861260030902843,2017-05-19 10:46:03,29.78175,119.721216
117.67827985,28.35400799,28.521188835165983,‘¡BBZ769,861260030902843,2017-05-19 06:31:36,28.354218,117.678448
117.67839709,28.35423596,5.3733761553154595,‘¡BBZ769,861260030902843,2017-05-19 06:25:41,28.354218,117.678448
117.64731545,28.3499937,53.78559537997175,‘¡BBZ769,861260030902843,2017-05-19 06:22:03,28.35,117.647864
117.60977507,28.35770988,29.856442570190886,‘¡BBZ769,861260030902843,2017-05-19 06:19:04,28.35765,117.610072
117.57207663,28.35829938,34.097740211204275,‘¡BBZ769,861260030902843,2017-05-19 06:16:08,28.358232,117.572416
117.53632561,28.34454503,49.16830555618958,‘¡BBZ769,861260030902843,2017-05-19 06:13:04,28.3448,117.536736
117.51047251,28.33640553,24.384582198767912,‘¡BBZ769,861260030902843,2017-05-19 06:10:58,28.336384,117.51072
117.49973762,28.33727904,26.601889593193917,‘¡BBZ769,861260030902843,2017-05-19 06:10:08,28.337218,117.5
117.46097999,28.34582211,21.59894112657771,‘¡BBZ769,861260030902843,2017-05-19 06:07:03,28.345832,117.4612
117.42283881,28.34897435,14.488424891797525,‘¡BBZ769,861260030902843,2017-05-19 06:04:08,28.34895,117.422984
117.38579884,28.35748117,13.146079783288252,‘¡BBZ769,861260030902843,2017-05-19 06:01:06,28.357532,117.38592
117.34673492,28.35229234,42.71772034307067,‘¡BBZ769,861260030902843,2017-05-19 05:58:03,28.35225,117.347168
117.30990927,28.35360105,42.2169720495108,‘¡BBZ769,861260030902843,2017-05-19 05:55:05,28.35355,117.310336
117.271864,28.36072182,28.497267919519125,‘¡BBZ769,861260030902843,2017-05-19 05:52:06,28.3606,117.27212
117.23363016,28.35853109,18.338847687035184,‘¡BBZ769,861260030902843,2017-05-19 05:49:09,28.35855,117.233816
117.19475652,28.3589071,10.32635770397371,‘¡BBZ769,861260030902843,2017-05-19 05:46:06,28.358984,117.194816
117.1556927,28.35626871,49.37314406821458,‘¡BBZ769,861260030902843,2017-05-19 05:43:04,28.356416,117.156168
117.12651171,28.35430608,24.207993080020806,‘¡BBZ769,861260030902843,2017-05-19 05:40:49,28.354232,117.126744
117.11740105,28.35228853,37.54782186115997,‘¡BBZ769,861260030902843,2017-05-19 05:40:05,28.352284,117.117784
117.08053051,28.34301143,20.276571354401746,‘¡BBZ769,861260030902843,2017-05-19 05:37:05,28.343032,117.080736
117.04298631,28.33729282,43.32759792844113,‘¡BBZ769,861260030902843,2017-05-19 05:34:02,28.337384,117.043416
116.79517938,27.81965584,16.201474851244452,‘¡BBZ769,861260030902843,2017-05-19 04:22:03,27.8198,116.795152
116.79723823,27.7872971,45.77044560111445,‘¡BBZ769,861260030902843,2017-05-19 04:19:03,27.7877,116.797136
116.79351122,27.75465223,20.882044199754596,‘¡BBZ769,861260030902843,2017-05-19 04:16:06,27.754816,116.793616
116.7713196,27.72618811,21.831224444367898,‘¡BBZ769,861260030902843,2017-05-19 04:13:03,27.726316,116.771488
116.74386217,27.70035313,46.98161271554359,‘¡BBZ769,861260030902843,2017-05-19 04:10:04,27.700684,116.74416
116.73094216,27.66754935,22.484120966293784,‘¡BBZ769,861260030902843,2017-05-19 04:07:07,27.66775,116.730976
116.7073141,27.65061005,16.219616416110945,‘¡BBZ769,861260030902843,2017-05-19 04:04:27,27.65055,116.707464
116.62255041,27.43078853,48.28298155093141,‘¡BBZ769,861260030902843,2017-05-19 03:40:51,27.431134,116.622848
116.6174527,27.42292104,23.73023011962599,‘¡BBZ769,861260030902843,2017-05-19 03:40:06,27.423116,116.617552
116.61665179,27.38717285,27.593716892782794,‘¡BBZ769,861260030902843,2017-05-19 03:37:07,27.387416,116.616712
116.60266391,27.31663898,33.72445084687579,‘¡BBZ769,861260030902843,2017-05-19 03:31:01,27.316918,116.6028
116.58038956,27.25211877,5.410902365420983,‘¡BBZ769,861260030902843,2017-05-19 03:25:00,27.2521,116.58044
116.56692169,27.21996783,20.30633394006311,‘¡BBZ769,861260030902843,2017-05-19 03:22:05,27.22015,116.566944
116.55032305,27.18930637,25.67764642099675,‘¡BBZ769,861260030902843,2017-05-19 03:19:06,27.189382,116.550568
116.52648846,27.16270779,3.7830707544930866,‘¡BBZ769,861260030902843,2017-05-19 03:16:05,27.162734,116.526464
116.51240454,27.09521779,18.20086219134399,‘¡BBZ769,861260030902843,2017-05-19 03:10:01,27.095382,116.5124
116.49283217,27.06721738,44.673054845106826,‘¡BBZ769,861260030902843,2017-05-19 03:07:06,27.06745,116.4932
116.46913669,27.03939162,15.665561559741153,‘¡BBZ769,861260030902843,2017-05-19 03:04:06,27.039432,116.469288
116.43978247,27.01537023,24.999105621483825,‘¡BBZ769,861260030902843,2017-05-19 03:01:01,27.015484,116.44
116.41792887,26.98681492,18.098417077665435,‘¡BBZ769,861260030902843,2017-05-19 02:58:00,26.986932,116.418056
116.39698012,26.95745242,22.90644698452158,‘¡BBZ769,861260030902843,2017-05-19 02:55:02,26.95765,116.397048
116.38720719,26.92479677,45.78232199081033,‘¡BBZ769,861260030902843,2017-05-19 02:52:05,26.925184,116.387368
116.37061789,26.89221167,45.04775359873336,‘¡BBZ769,861260030902843,2017-05-19 02:49:03,26.892584,116.3708
116.35659659,26.85923072,41.31447261923805,‘¡BBZ769,861260030902843,2017-05-19 02:46:04,26.859582,116.356736
116.34279392,26.82655574,22.386455554606965,‘¡BBZ769,861260030902843,2017-05-19 02:43:06,26.826732,116.342904
116.34162348,26.80132325,25.74482576992505,‘¡BBZ769,861260030902843,2017-05-19 02:40:57,26.80155,116.34168
116.34122346,26.7918894,38.94364784099706,‘¡BBZ769,861260030902843,2017-05-19 02:40:09,26.792232,116.341136
116.34244014,26.75813154,42.76030474441254,‘¡BBZ769,861260030902843,2017-05-19 02:37:06,26.7585,116.342568
116.34775631,26.72304251,19.924142183176336,‘¡BBZ769,861260030902843,2017-05-19 02:34:01,26.723218,116.3478
116.34769741,26.68872142,14.982114189826138,‘¡BBZ769,861260030902843,2017-05-19 02:31:07,26.68885,116.347744
116.33585315,26.65721035,23.10338372810067,‘¡BBZ769,861260030902843,2017-05-19 02:28:05,26.657418,116.335832
116.33721395,26.62420878,23.160483958874128,‘¡BBZ769,861260030902843,2017-05-19 02:25:08,26.6244,116.33712
116.34413354,26.59397768,43.04589045979908,‘¡BBZ769,861260030902843,2017-05-19 02:22:08,26.594366,116.34412
116.33816944,26.57593353,2.605982934988598,‘¡BBZ769,861260030902843,2017-05-19 02:19:54,26.575916,116.338152
116.33935875,26.5741453,4.365786469723664,‘¡BBZ769,861260030902843,2017-05-19 02:16:47,26.574132,116.3394
116.33943867,26.5741139,4.343245618808043,‘¡BBZ769,861260030902843,2017-05-19 02:13:46,26.574132,116.3394
114.593235,24.50488776,24.774547961071814,‘¡BBZ769,861260030902843,2017-05-18 20:10:00,24.504966,114.593464
114.56863257,24.48183578,12.65173663301316,‘¡BBZ769,861260030902843,2017-05-18 20:07:07,24.48195,114.568632
114.56132856,24.44885161,49.05668236008026,‘¡BBZ769,861260030902843,2017-05-18 19:58:50,24.44905,114.560896
114.56132876,24.44885227,49.04212277483812,‘¡BBZ769,861260030902843,2017-05-18 19:55:51,24.44905,114.560896
114.56134236,24.4488435,50.710404077513054,‘¡BBZ769,861260030902843,2017-05-18 19:52:52,24.44905,114.560896
114.56137476,24.44883314,54.161983818542275,‘¡BBZ769,861260030902843,2017-05-18 19:49:54,24.44905,114.560896
114.56140361,24.44891361,53.64076058725228,‘¡BBZ769,861260030902843,2017-05-18 19:46:55,24.44905,114.560896
114.56129819,24.44887887,44.97035707451883,‘¡BBZ769,861260030902843,2017-05-18 19:31:02,24.44905,114.560896
114.55971689,24.44833696,5.973287563868592,‘¡BBZ769,861260030902843,2017-05-18 19:28:04,24.448284,114.559728
114.54952272,24.44185298,3.6379759300235452,‘¡BBZ769,861260030902843,2017-05-18 19:26:42,24.441834,114.549552
114.51477002,24.40398419,5.609991417760716,‘¡BBZ769,861260030902843,2017-05-18 19:22:06,24.404034,114.51476
114.50745367,24.34073867,22.23167290868767,‘¡BBZ769,861260030902843,2017-05-18 19:16:02,24.3409,114.507584
114.48250182,24.31753292,5.433295141315378,‘¡BBZ769,861260030902843,2017-05-18 19:13:03,24.31755,114.482552
114.45815317,24.29320278,23.59206022615569,‘¡BBZ769,861260030902843,2017-05-18 19:10:03,24.293284,114.458368
114.42877708,24.27313985,21.57139646839543,‘¡BBZ769,861260030902843,2017-05-18 19:07:00,24.273184,114.428984
114.40141145,24.25330584,23.706639347918117,‘¡BBZ769,861260030902843,2017-05-18 19:04:00,24.25345,114.401584
113.99617111,23.85062875,22.246022324766248,‘¡BBZ769,861260030902843,2017-05-18 18:10:58,23.850584,113.996384
113.98680859,23.85349436,20.612520549150958,‘¡BBZ769,861260030902843,2017-05-18 18:10:08,23.853434,113.987
113.95171273,23.84576734,22.50001324748963,‘¡BBZ769,861260030902843,2017-05-18 18:07:03,23.8459,113.95188
113.92053812,23.8311756,19.424900487795004,‘¡BBZ769,861260030902843,2017-05-18 18:04:07,23.831284,113.920688
113.88628083,23.82032302,18.70323490982872,‘¡BBZ769,861260030902843,2017-05-18 18:01:06,23.820334,113.886464
113.85399275,23.8127709,529.2055027441075,‘¡BBZ769,861260030902843,2017-05-18 17:58:17,23.81285,113.8488
113.81798599,23.81764908,22.17535885995571,‘¡BBZ769,861260030902843,2017-05-18 17:55:02,23.817566,113.818184
113.78595663,23.80741379,17.62350647183507,‘¡BBZ769,861260030902843,2017-05-18 17:52:09,23.807466,113.78612
113.76150128,23.78830188,5.356637269579001,‘¡BBZ769,861260030902843,2017-05-18 17:49:08,23.78835,113.761496
113.75268446,23.76719295,3.7976507388499576,‘¡BBZ769,861260030902843,2017-05-18 17:47:00,23.7672,113.752648
113.73467138,23.74165949,20.188297967863186,‘¡BBZ769,861260030902843,2017-05-18 17:43:04,23.741784,113.734816
113.7144702,23.72849614,21.528637745082737,‘¡BBZ769,861260030902843,2017-05-18 17:40:52,23.728518,113.71468
113.70563703,23.72460777,5.19270174693891,‘¡BBZ769,861260030902843,2017-05-18 17:40:03,23.724568,113.705664
113.67088925,23.71297895,2.3864262608068705,‘¡BBZ769,861260030902843,2017-05-18 17:37:00,23.712984,113.670912
113.65636589,23.68288282,1.0394638583138178,‘¡BBZ769,861260030902843,2017-05-18 17:34:01,23.682884,113.656376
113.6607543,23.64979658,14.123183822085803,‘¡BBZ769,861260030902843,2017-05-18 17:31:02,23.649918,113.660712
113.71244077,23.61501338,4.206973807849196,‘¡BBZ769,861260030902843,2017-05-18 17:25:09,23.614982,113.712464
113.71738463,23.58844893,45.1959288480667,‘¡BBZ769,861260030902843,2017-05-18 17:22:09,23.588832,113.717232
113.71700898,23.56198357,4911.734274709904,‘¡BBZ769,861260030902843,2017-05-18 17:19:37,23.52075,113.73472
113.74818157,23.50836249,39.79125035430726,‘¡BBZ769,861260030902843,2017-05-18 17:13:07,23.5087,113.748048
113.75394216,23.48431761,13.042486208643389,‘¡BBZ769,861260030902843,2017-05-18 17:10:53,23.484416,113.753872
113.75793902,23.47598103,9.43270327664597,‘¡BBZ769,861260030902843,2017-05-18 17:10:04,23.475934,113.758016
113.78319083,23.45273912,22.053636309246112,‘¡BBZ769,861260030902843,2017-05-18 17:07:03,23.452918,113.783096
113.81160101,23.43514573,20.206668766970378,‘¡BBZ769,861260030902843,2017-05-18 17:04:08,23.435284,113.811472
113.8156898,23.41420915,15.221703473506466,‘¡BBZ769,861260030902843,2017-05-18 17:01:08,23.41425,113.815832
113.78202461,23.40150178,26.404192771838353,‘¡BBZ769,861260030902843,2017-05-18 16:58:02,23.401466,113.78228
113.74835078,23.39249862,42.52324576305953,‘¡BBZ769,861260030902843,2017-05-18 16:55:00,23.3926,113.748752
113.71842185,23.37609832,21.54341270128216,‘¡BBZ769,861260030902843,2017-05-18 16:52:07,23.376084,113.718632
113.68466016,23.36877624,8.348369803020399,‘¡BBZ769,861260030902843,2017-05-18 16:49:08,23.368718,113.684712
113.65127816,23.36102793,23.746794362245776,‘¡BBZ769,861260030902843,2017-05-18 16:46:08,23.361134,113.65148
113.62030113,23.34554641,21.824927287462042,‘¡BBZ769,861260030902843,2017-05-18 16:43:05,23.345516,113.620512
113.6088526,23.32391221,20.22867156013359,‘¡BBZ769,861260030902843,2017-05-18 16:40:51,23.324034,113.609
113.60360617,23.31811703,18.13782696846792,‘¡BBZ769,861260030902843,2017-05-18 16:40:10,23.318184,113.603768
113.59702088,23.31344646,7.0496235787994,‘¡BBZ769,861260030902843,2017-05-18 16:37:08,23.313432,113.597088
113.59697662,23.31342842,11.399322053861908,‘¡BBZ769,861260030902843,2017-05-18 16:34:27,23.313432,113.597088
113.29069903,23.3429634,13.152946437965905,‘¡BBZ769,861260030902843,2017-05-18 14:05:40,23.343082,113.29072
113.29068547,23.3430047,8.54400374531753,‘¡BBZ769,861260030902843,2017-05-18 13:59:41,23.343082,113.29072
113.29064906,23.34286056,25,‘¡BBZ769,861260030902843,2017-05-18 13:53:43,23.343082,113.29072
113.29080403,23.34318369,15,‘¡BBZ769,861260030902843,2017-05-18 13:50:44,23.343082,113.29072
113.29080915,23.34318817,15,‘¡BBZ769,861260030902843,2017-05-18 13:47:46,23.343082,113.29072
